,time,context
0,2023-11-24 13:36,美股休市，台股今（24日）開高走低，終場小跌7點來到17287.42點，跌幅0.04％，成交量2490.47億元。至於今天蘋概三王的表現，台積電（2330）今以575元作收，跌3元或0.52％；大立光（3008）以2265元作收，下跌15元或是0.66％；鴻海（2317）則以101.5元作收，保持平盤。此外，今天漲幅前5名個股為亞力、亞航、倚天酷碁創、誠研、中興電；跌幅前5名則為大眾控、夏都、鳳凰、首利、雲品。
1,2023-11-23 13:43,美國股市周三（22日）收漲，但台股繼昨日大跌後，今（23日）開低走低，終場小跌16點，17300點失守，以17294.55點作收，跌幅0.09％，成交量2821.36億元。至於今天蘋概三王的表現，台積電（2330）今以578元作收，漲1元或0.17％；大立光（3008）以2280元作收，上漲45元或是2.01％；鴻海（2317）則以101.5元作收，跌0.5元或0.49％。此外，今天漲幅前5名個股為廣華KY、晶相光、威宏KY、榮創、華興；跌幅前5名則為亞翔、新建、定穎投控、神基、創意。
2,2023-11-23 09:02,美股周三（22日）收漲，台股今（23）日以下跌18.93點、17291.33點開出，跌勢收斂，指數下跌5點，台積電（2330）下跌3元至574元。法人指出，台股昨日在漲多，輝達大跌等因素下，拉回整理，指數來到前波高點，料短線走勢將震盪加劇。美股周三（22日）主要指數收盤如下：道瓊工業指數上漲184.74點或0.53%，收35273.03點；標準普爾指數上揚18.43點或0.41%，收4556.62點；那斯達克指數揚升65.88點或0.46%，收14265.86點；費城半導體指數上漲12.16點或0.33%，收3744.96點。
3,2023-11-23 02:58,很多人都說在「護國神山」台積電上班很操、很累，不過一名在台積電工作2年的員工發文透露，他這2年來每天都能準時下班，如果要加班也是因為想加才加，同事、主管也很友善，不解「為什麼大家都覺得台積電很糟？」貼文一出，引發熱議。一名網友在Dcard發文表示，他在台積電的RD（研發與設計）部門工作了2年，覺得這段時間做得蠻開心的，因為每天都能準時下班，若要加班也是因為想加才加，平時同事間包括跨部門的溝通，只要保持禮貌其實大家也都很願意互相幫忙，算很友善也很有效率，「重點是主管也很罩」。原PO指出，自己並不會說這個工作非常輕鬆，下班也是會很累，但從沒體會過網路上討論的主管情緒勒索、學長姐排擠，且還能在超美的研發與設計中心上班，讓他不禁好奇「為什麼大家都覺得台積電很糟？還是我真的祖墳冒煙…」貼文一出，馬上釣出不少網友分析「好公司有屎單位，屎公司有好單位，細細品味」、「又是一個待在爽單位就覺得整間公司都很爽的人」、「因為爽的人都很低調」、「你可以去產線單位體驗看看～我相信你標題就會改了」、「就看部門啊」、「因為你活在自己的世界，沒有去了解其他部門，就這麼簡單」。
4,2023-11-22 13:37,由於美國股市表現不佳，台股也受到拖累，今（22日）台股開低走低，終場大跌106點來到17310.26點，跌幅0.61％，成交量2837.01億元，雖盤中一度失守17300點，但最後一盤跌勢收斂，終場站回17300點。至於今天蘋概三王的表現，台積電（2330）今以577元作收，跌8元或1.37％；大立光（3008）以2235元作收，下跌10元或是0.45％；鴻海（2317）則以102元作收，跌0.5元或0.49％。此外，今天漲幅前5名個股為通嘉、工信、迅杰、晶相光、海華；跌幅前5名則為走著瞧創、巨鎧精密創、中福、誠研、緯創。
5,2023-11-22 09:03,"美股周二（21日）收黑，台股今（22）日以下跌91.10點、17325.60點開出，指數拉回整理，下跌120點，失守17300點，台積電（2330）下跌9元至576元。法人指出，台股在外資買盤回籠，連續走揚，指數來到高檔震盪區，加上美股走跌，早盤台指期開低，料盤勢今日呈拉回整理格局。美股主要指數周二（21日）收黑，主要指數收盤如下：美股道瓊指數下跌62.75點，或0.18%，收35,088.29點；標普 500 指數下跌9.19點，或0.2%，收4,538.19點；那斯達克指數下跌84.55點，或0.59%，收14,199.98點；費城半導體指數下跌73.01點，或1.92%，收3,732.79點。"
6,2023-11-21 17:32,"今股匯雙漲，外資回頭搶買台股不手軟！經統計今天外資再度大動作買超台股421億元，排名史上第10強，操作上偏愛金融股，其次是科技股，其中，又以敲進開發金5.1萬張最多，再來是宏碁的2.27萬張及玉山金的2.2萬張。今台股開盤後一路走高，終場大漲逾206點，收在17416點，創今年以來新高，成交金額達3380億元，3大法人中，自營商賣超12.9億元、投信賣超3.1億元，不過，外資大幅買超421.78億元。據統計買超前10大個股以開發金（2883）為首，張數達5.15萬張、宏碁（2353）買超2.27萬張、玉山金（2884）買超2.2萬張、台新金（2887）買超2萬張、中信金（2891）買超1.99萬張、中鋼（2002）買超1.87萬張、新光金（2888）買超1.84萬張、鴻海（2317）買超1.81萬張與台積電（2330）買超1.77萬張。
 "
7,2023-11-21 14:29,"美系外資搶在NVIDIA於美國時間21日盤後公布財報前出具有關AI的最新報告，預期對中國的出口管制對供需關係沒有明顯的影響，而AI供應鏈股票的成長動能要看NVIDIA走向牛市還是熊市，而預估NVIDIA的業績有5-10%的上漲空間，0-10%的下跌空間。不過，NVIDIA仍是AI領域中最具指標的個股，假如其財報是正向的，盤點11檔受惠股（含9家台廠、2檔外商），而技嘉（2376）SK海力士為最佳選擇個股。美系外資點看好AI前景個股包含有台積電（2330）、世芯-KY（3661）、信驊（5274）、愛普（6531）、技嘉、緯創（3231）、致茂（2360）、川湖（2059）、京元電（2449）等。國外廠商則有SK海力士及日本迪思科。美系外資指出，目前市場處在對AI獲利復甦預期中，但又擔憂需求可持續性，主要考量相關數量成長相當迅速。根據供需檢查和雲端採購進行檢查，AI晶片市場仍然強勁。以AI相關個股收益來說，可以看到亞洲人工智慧概念股正在復甦，假設NVIDIA前景得到肯定，看好相關個股股價仍便宜，將有機會勝過大盤表現。美系外資強調，如果NVIDIA的價格上漲5-10%，營收高於預期，SK海力士和技嘉是最佳選擇。技嘉今天股價表現相當強勁，表現優於族群，終場收在244元，上漲11元或4.72%。
 "
8,2023-11-21 13:38,受到美國股市上揚表現激勵，台股也有不錯表現，今（21日）台股開高走高，終場大漲206點來到17416.70點，漲幅1.20％，成交量3379.93億元。至於今天蘋概三王的表現，台積電（2330）今以585元作收，漲8元或1.39％；大立光（3008）以2245元作收，上漲50元或是2.28％；鴻海（2317）則以102.5元作收，漲1.5元或1.49％。此外，今天漲幅前5名個股為華懋、榮創、華擎、皇鼎、訊舟；跌幅前5名則為富世達、皇昌、云辰、虹光、巨鎧精密創。
9,2023-11-21 09:02,"美股收漲，台股今（21）日以上漲29.47點、17239.94點開出，漲勢擴大，指數上漲逾百點，站上17300點，台積電（2330）上漲5元至582元。法人指出，台股昨日多在盤下震盪，直到尾盤才由黑翻紅，由於指數面臨短線高檔區，留意獲利了結賣壓。美股周一（20）日主要指數收盤如下：美股道瓊指數上漲203.76點，或0.58%，收35,151.04點；標普 500 指數上漲33.36點，或0.74%，收4,547.38點；那斯達克指數上漲159.05點，或1.13%，收14,284.53點；費城半導體指數上漲57.15點，或1.52%，收3,805.80點。"
10,2023-11-20 13:34,受到美國股市上揚表現激勵，台股表現平平，今（20日）開低走高，終場小漲2點來到17210.47點，漲幅0.01％，成交量2775.23億元。至於今天蘋概三王的表現，台積電（2330）今以577元作收，跌3元或0.52％；大立光（3008）以2195元作收，上漲75元或是3.54％；鴻海（2317）則以101元作收，跌1.5元或1.46％。此外，今天漲幅前5名個股為興能高、敬鵬、揚明光、皇鼎、神基；跌幅前5名則為虹光、雄獅、中視、雲品、倫飛。
11,2023-11-20 09:02,"美股走揚，但是台股漲多陷入盤整，今（20）日台積電（2330）開盤跌4元至576元，指數跌15點回測17100點整數。
美股四大指數上周五收盤全面上揚，道瓊工業指數上漲1.81點或0.01%，收34947.28點；那斯達克指數上漲11.81點或0.08%，收14,125.48點；S&P500上漲5.78點或0.13%，收4,514.02點；費城半導體上漲24.55點或0.66%，收3,748.65點。群益長安基金經理人王耀龍指出，美國參議院以壓倒性票數通過臨時支出法案，美國政府將避免關門；而美國總統拜登與中國國家主席習近平在舊金山舉行會談，就恢復軍事接觸、人工AI、台美關係、貿易制裁等多項議題進行討論。雙方會談2個小時半結束，會後拜登表示:「雙方最具建設性與成果的一次會談，取得了真正的進展。」為因應美國晶片管制措施限制高階晶片或設備出口到中國，傳輝達（NVIDIA）針對中國開發三款晶片，包括 HGX H20、L20PCle 和 L2PCle，主要由 H100 改良而來，並已向合作夥伴提供晶片樣品。雖然AI伺服器相關族群之前利空不斷(高股息ETF持股是否會調整、AI伺服器需求下滑的雜音)，但是，股價已經相對鈍化，類股領頭羊廣達股價已經有築底的跡象。美國時間11月21日（台北時間22日上午）輝達將召開法說會，如果輝達釋出不錯的展望，AI伺服器將有機會重回主流，此外，明年恢復成長的類股(如IC設計、智慧型手機、筆記型電腦)，也將有機會表現。王耀龍認為，選股上，目前看好網通、AI server、摺疊手機、IC設計、筆記型電腦、低軌衛星、電動車、車用零組件、生技等相關類股。"
12,2023-11-18 11:14,台積電（2330）10月營收意外亮眼，本周股價上漲逾4％，飆漲至580元，創7月以來高點，但可能因「高處不勝寒」，股東人數單周下滑3.4萬人，至昨（17）日股東人數降至122萬5855人，相較實施庫藏股中鋼（2002）本周股東人數雖也下滑，但減幅有限，股東人數達122萬9662人，今年以來首超過台積電，站上上市櫃股東最多人數的個股。台積電本利多齊發，除上周五（10）盤後公布10月營收，站上2000億元，讓外界眼睛為之一亮，加上公司董事會決議拉高每季配發股息至3.5元，讓台積電股價站上580元價位，數度衝高至583元，是今年7月10日以來新高。不過台積電利多帶來股價走高，確見到股東獲利了結先行下車，股東人數連3周下滑，從本（11）月初127萬餘人下滑至昨日122萬5855人，而台積電股東人數在今年年初146萬餘人高峰，今年以來至昨日，台積電股東人數已減少24萬餘人。中鋼董事長翁朝棟9月底內部一封信表示今年的營運恐怕是中鋼建廠以來最大的挑戰，股價在10月底盤中來到23.5 元，創近三年新低，公司決議事隔15年實施庫藏股，再以台股本周回春，股價站上25元。而由於股價來到低檔，存股族加碼買進，股東人數9月中旬站上120萬人，股東人數連16周上揚，上周五（11月10日）站上123萬新高，本周雖較上周下滑，但幅度有限，也超越台積電，成台股股東人數最多個股。
13,2023-11-17 13:45,美國股市漲跌互見，台股今（17日）台股開低走高，終場小漲38點來到17208.95點，漲幅0.22％，成交量2943.52億元。蘋概三王今天的表現，台積電（2330）今以580元作收，跌3元或0.51％；大立光（3008）以2120元作收，上漲15元或是0.71％；鴻海（2317）則以102.5元作收，漲1.5元或1.49％。此外，今天漲幅前5名個股為興能高、鳳凰、寒舍、正達、神基；跌幅前5名則為虹光、昶虹、期街口布蘭特正L、富邦恒生國企正L、群光。
14,2023-11-17 09:04,美股周四（16日）漲多跌少，台股今（17）日以下跌15點、17155.86點開出，跌幅縮小，指數小跌不到10點，台積電（2330）下跌4元至579元。法人指出，台股10個交易日大漲逾千點，在短線連續急漲後，已經來到上檔壓力區，盤勢震盪加劇。美股周四（16日）主要指數收盤如下：道瓊工業指數下跌45.74點或0.13%，以34945.47點作收；標準普爾500指數小漲5.36點或0.12%，收4508.24點；科技股那斯達克指數微漲9.83點或0.07%，收14113.67點；費城半導體指數上漲12.01點或0.32%，收3724.10點。
15,2023-11-16 13:38,受到美國股市上揚表現激勵，台股今（16日）開高，但短線漲多，開盤後1小時指數翻黑，臨收盤前買盤進駐，拉抬台積電（2330），終場黑翻紅，小漲42點來到17171.18點，漲幅0.25％，成交量2844.80億元。至於今天蘋概三王的表現，台積電今以583元作收，漲2元或0.34％；大立光（3008）以2105元作收，下跌15元或是0.71％；鴻海（2317）則以101元作收，漲0.5元或0.50％。此外，今天漲幅前5名個股為中福、波力KY、皇昌、夏都、全宇生技KY；跌幅前5名則為虹光、昶虹、榮運、巨鎧精密創、期街口布蘭特正L。
16,2023-11-16 09:48,"台積電（2330）10日公布10月營收，一舉創下歷史新高，也是睽違9個月，單月營收重返2千億大關，當日台積電ADR股價應聲大漲超過6%，激勵周一台股早盤開高，同步帶動聯發科、日月光投控等AI族群走強。國泰投信表示，美國長短期公債殖利率回落，科技股評價修正壓力降低，電子股成為本波反彈多方要角，後續台股若能站穩季線，將有利漲勢延續、向上挑戰半年線。由於台股市值型ETF持有台積電權重2~5成不等，台積電股價大漲亦帶動市值型ETF表現，其中規模於近日突破新台幣100億元的國泰台灣領袖50(00922)，最大持股即為台積電，「含積量」約三成，推升00922 13日成交量較前一日大增87%，規模擴增至新台幣102.3億元。15日在美股各大指數衝高，台股早盤大漲200點帶動下，00922僅費時20個交易日，成功於盤中填息。台積電近期股價走揚，今（16）日開盤原跌1元至580元，開盤半小時後重啟攻勢股價翻紅小漲1元至583元。除了受惠最大權重持股大漲外，由於00922具備高潛力、高人氣，以及低門檻、低手續費的「二高二低」優勢，助攻基金10月至今(截至11/13)規模近乎翻倍成長，自新台幣52.5億元，增胖至逾百億元，躋身ETF百億俱樂部；受益人也從4萬人擴增為7.2萬人(截至11/10)，增幅超過7成，成為10月台股ETF最強黑馬。國泰台灣領袖50(00922)基金經理人蘇鼎宇表示，00922 為半年配ETF，10月首次配息就開出每單位配發0.57元的佳績，且基金持股符合「大市值+低碳轉型」前瞻性，具有成長潛力，大盤震盪時，對逢低布局的存股族更具吸引力。憑藉著高潛力、高人氣的二高特色，00922擄獲想透過時間複利，放大資產的投資人青睞。此外，低門檻、低手續費的二低優勢，對於本金有限、每分錢都必須花在刀口上的小資族來說，更是一大福音。由於00922股價為15.87元(11/13收盤價)，入手門檻低，若月月存5,000元，大約3~4個月即可累積到一張。而會直接影響報酬率的經保費，相較市面其他市值型ETF約介於0.185%~0.355%間，00922僅0.235%相對親民。蘇鼎宇表示，總統大選將在明年1月舉行，歷年選前政策資金作多行情，帶動台股上漲機率高達9成，且回顧過往，台股第四季表現皆優於其他季度，近10年第四季平均報酬達4.5%，正報酬率達9成以上，投資人若分批布局台股市值型ETF，有望跟著台股一起成長。"
17,2023-11-16 09:02,美股周三（15日）收漲，台股今（16）日以上漲7.74點、17136.52點開出，漲勢擴大，指數上漲近40點，台積電（2330）下跌1元至580元。法人指出，台股昨日大漲逾200點，指數攻上萬七，市場資金回流，在連3個交易上漲後，短線震盪勢必加劇。美股周三（15日）主要指數表現如下：道瓊工業指數上漲163.51點或0.47%，收34991.21點；標準普爾指數上漲7.18點或0.16%，收4502.88點；那斯達克指數上漲9.46點或0.07%，收14103.84點；費城半導體指數上揚26.52點或0.72%，收3712.09點。
18,2023-11-15 16:32,受到美國股市上揚表現激勵，台股也有不錯表現，台積電（2330）今以581元作收，漲9元或1.57％，就有網友指出，台積電在2022年初最高漲到688元後，一路慘跌到370元，如今又回到5字頭，求問網友們「該不該賣掉？」還是要繼續握著，貼文掀起網友討論，也釣出許多山頂上的大學長。原PO連續2天在PTT發文，「台積電一年前從370漲到今天575該不該賣啊？」「台積電583了，該不該高歌離席啊？」看著台積電一路從高點下跌到370元，如今漲到581元，第三季配息提高至3.5元，緊張求問「台積電583元了，配息又改成季配3.5元，天天好消息，該不該高歌離席啊？」貼文一出，網友表示，現在還太早了，很多600元以上的大學長都還卡在山頂，「600T學長在這」、「632T學長還在山頂上求救」、「605T等待救援」、「還在山頂上發抖」、「沒有600我是不賣的」、「600塊以下的是禮物，沒聽說過嗎」、「都忍這麼久了，再忍一下」、「688學長在山上快冷死了，你不救嗎」。另外，也有網友建議，能跑的時候趕快跑，「4~500元就賣光了」、「這兩年進進出出不知道幾次了，一直不賣就是紙上富貴」。台積電14日召開董事會， 意外提升配息，核准配發2023年第三季之每股現金股利3.5元，除息交易日定為2024年3月18日，另外，也核准資本預算約43億4195萬美元。
19,2023-11-15 14:15,台積電（2330）中科園區擴建二期計畫都審過關，而西台中沿線除中科還有台中工業區、精密機械園區，3大區塊組成的中部科技走廊，不僅吸引就業人口，也讓沿線房市熱度不墜。而沙鹿區因房價親民，受到首購族青睞，房價年漲約15%。《地產詹哥老實說》EP179／冷氣管線炸水瀑、下斡旋被反悔　大胃王YouTuber曝買屋血淚史中部科技走廊以中科為首，接著台中工業區再到精密機械園區，串連大雅、西屯、沙鹿、龍井、南屯等區。以沙鹿區來說，七期豪宅建商龍寶建設與沙鹿地主合建新案「和臻邸」，產品規劃48~52坪，再加上品牌力加持，據悉銷售已告捷。茂洋建設於東海商圈所推出的「茂洋晴山洋洋」，產品規劃19~28坪，憑藉區域少見中小坪數規劃，獲得極大迴響。外，茂洋建設所推出的台灣大道地標新案「茂洋天玥」，因基地位置坐路於台灣大道、捷運藍線B5站，並坐擁北勢、靜宜大學、光華路等3大商圈而備受矚目。茂洋建設業務部專案賴義欽表示：「現階段買盤仍以中科族群為主，距離中科僅需10分鐘車程，低總價再搭配新青安貸款優惠利率及公司優付方案，入手難度低，自然吸引不少看準中科效應的自住客提前置產卡位。」元宏不動產加值服務平台研究總監陳傑鳴表示：「中科帶動的就業與房市紅利無庸置疑，也讓周邊區域房市明顯受惠，沙鹿更因房價基期低，新屋房價漲幅達14.59％。」以目前市況來看來，沙鹿、龍井、大雅則以總價1000萬元左右的產品，最受到首購族青睞，在地代銷業者張譯升表示：「以沙鹿區來說不少新案降低首購族門檻，祭出好入手的購屋付款條件、縮減坪數主力推出2~3房，加上近期新青安貸款助攻，剛需買得起房。因為中科題材持續發酵，鄰區估計房價將相對有撐。」《地產詹哥老實說》EP179／冷氣管線炸水瀑、下斡旋被反悔　大胃王YouTuber曝買屋血淚史
20,2023-11-15 13:34,受到美國股市上揚表現激勵，台股也有不錯表現，今（15日）台股開高走高，終場大漲213點來到17128.78點，漲幅1.26％，成交量3779.59億元。至於今天蘋概三王的表現，台積電（2330）今以581元作收，漲9元或1.57％；大立光（3008）以2120元作收，下跌5元或是0.24％；鴻海（2317）則以100.5元作收，漲0.5元或0.50％。此外，今天漲幅前5名個股為愛山林、揚智、上品、皇昌、圓剛；跌幅前5名則為榮運、聯鈞、世芯KY、科嘉KY、京元電子。
21,2023-11-15 09:02,"美國 10 月消費者物價指數 （CPI）降溫，美股周二（14日）收紅，台股今（15）日以上漲123.91點、17039.82點開出，漲勢擴大，指數大漲逾220點，站上萬七，台積電（2330）意外調高股息， 激勵股價上漲11元至583元。法人指出，美國通膨降溫，美債殖利率下跌，美股走揚，可望帶動今日亞股走揚，台股今日也是台指期結算，外資做多下，估計可望拉高結算。美股周二（14日）主要收盤指數如下：道瓊工業指數終場上漲489.83點，或1.43%，收在34,827.7點；標準普爾500指數上漲84.15點，或1.91%，收在4,495.7點；以科技股為主的那斯達克指數上漲326.64點，或2.37%，收在14,094.38點；費城半導體指數上漲128.83點，或3.62%，收在3,685.57點。"
22,2023-11-14 17:32,"126萬股東有福了！晶圓代工龍頭台積電（2330）今(14)日召開董事會， 意外提升配息，核准配發 2023 年第三季之每股現金股利 3.50 元，除息交易日定為 2024 年 3 月 18 日，另外，也核准資本預算約43 億 4195 萬美元。台積電董事會今日核准配發 2023 年第三季之每股現金股利 3.50 元，其普通股配息基準日訂定為 2024 年 3 月 24 日，除息交易日則為 2024 年 3 月 18 日。依公司法第一六五條規定，在公司決定分派股息之基準日前五日內，亦即自 2024 年 3 月 20 日起至 3 月 24 日止，停止普通股股票過戶，並於 2024 年 4 月 11 日發放。此外，台積電在美國紐約證券交易所上市之美國存託憑證之除息交易日亦為 2024 年 3 月 18 日，與普通股一致。台積公司美國存託憑證之配息基準日訂為 2024 年 3 月 19 日。台積電董事會也核准資本預算約美金 43 億 4,195 萬元，內容包括建置先進製程產能、建置先進封裝、成熟及特殊製程產能、2024 年研發資本預算與經常性資本預算及2024 年資本化租賃資產。 
 "
23,2023-11-14 13:32,受到美國股市上揚表現激勵，台股也有不錯表現，今（14日）台股開高走高，終場小漲76點來到16915.71點，漲幅0.45％，成交量2698.14億元。至於今天蘋概三王的表現，台積電（2330）今以572元作收，漲1元或0.18％；大立光（3008）以2125元作收，下跌10元或是0.47％；鴻海（2317）則以100元作收，漲2.35元或2.35％。此外，今天漲幅前5名個股為華碩、皇昌、敦泰、通嘉、台耀；跌幅前5名則為泰福KY、佳能、錩新、三商電、華冠。
24,2023-11-13 13:33,受到美國股市上揚表現激勵，台股也有不錯表現，今（13日）台股開高走高，終場大漲157點來到16839.29點，漲幅0.94％，成交量2813.60億元。至於今天蘋概三王的表現，台積電（2330）今以571元作收，漲14元或2.51％；大立光（3008）以2135元作收，上漲40元或是1.91％；鴻海（2317）則以97.7元作收，漲0.5元或0.51％。此外，今天漲幅前5名個股為通嘉、山林水、新天地、威盛、力山；跌幅前5名則為文曄、材料KY、ABCKY、科風、永固KY。
25,2023-11-13 12:48,"台積電（2330）公布10月營收2432.03億 300 萬元，較上月增加34.8%，較去年同期增加15.7%，不僅創下新高也超出市場預期。對此，微驅科技總經理吳金榮分析有5大推升助力，包括3奈米晶片單價高，蘋果iPhone15及M3系列均採用拉高營收、英特爾AI PC採用台積電4~5奈米製程、AI需求強勁、手機及PC等庫存逐漸去化等。首先在3奈米製程上，吳金榮預估3奈米製程晶片每片價格至少較4奈貴上1~2成以上，蘋果又包下3奈米製程生產iPhone15及M3晶片，大幅拉高營收貢獻，他並預期3奈米佔在第3約佔台積電6%營收比重，第4季有望提高到10左右。其次是英特爾推出的第15代處理器，強調AI PC是未來主流，而其中包括GPU、I/O等晶片採用台積電4~5奈米生產，這是台積電新增的業務收入。第3是AI需求強勁，包括NVIDIA無論是高階產品還是要降規出售給中國業者，晶片大都在台積電生產。第4季手機庫存逐漸去化，加上聯發科即將推出的天磯9300也將採用AI邊緣運算，還有高通的驍龍8 Gen 3，都將挹注台積電不少業績。第5是PC，雖業者都提出庫存已經去化的差不多，甚至有些已開始回補庫存，這方面也帶進不少業績，不過，吳金榮認為，手機和PC雖庫存逐漸去化，但問題是在高通膨、俄烏和以巴戰爭等因素，會不會影響買氣還有待觀察。吳金榮說，台積電前10月營收1兆7794.1億元，年減3.7%，略優於法說預期，推估今年全年營收約落在2兆1820億元上下，年減3.6%左右，也優於法說預估的約高個位數衰退。
 "
26,2023-11-13 11:25,隨台灣高科技產業蓬勃發展，特別是各大科學園區，就業機會最多、帶動人口流動，加上薪資同樣高於普通行業，讓科學園區週邊堪稱房市最佳的票房保證，而建設多、人均產值也最高的中科園區，近5年房價漲幅只有37.5%，信義房屋專家認為，此數據為有條件失真。《地產詹哥老實說》EP178／無效房市政策！無殼年輕人的殘酷面　「租房看運氣、買房沒底氣」中科在「護國神山」台積電（2330）設廠、擴廠議題塵埃落定後，預計增加至少4500名員工，近期區域預售指標案如「寶輝世紀莊園」、「磐鈺雲詠」等，銷售表現不俗，區域天花板價已來到單價72.8萬元，「磐鈺雲詠」最高成交單價也達71.19萬元。但實際數據卻顯示，中科特區房市5年僅漲37.5%，信義房屋中科東大店陳泱濡則認為：「數據呈現以成屋、不分屋齡方式來計算，單價衝上7字頭的個案以品牌掛帥，鄰近預售案近期則打出單價48萬元吸客，高低標價差20萬元。」「而中科生活圈成屋中，不乏屋齡20年以上的大型造鎮案，如『國安國宅』、『瑞聯天地』等，總價低、交易量亦不容小覷，使整體房價漲幅『有條件失真』。」陳泱濡補充。若以新成屋、10年內中古屋來看，陳泱濡表示：「中科不論是單身族、家庭客需求都強勁，區域年平均成交量來到約4000戶，10年內中古屋已經站上3字頭、新成屋也叩關4字頭。」立智國際經理邱子蘅表示：「竹科、南科、楠梓科技園區近5年房價漲幅分別為89.2%、110.4%、67.3％，房價相當於翻倍，反觀中科園區，近5年房價漲幅只有37.5%，未來升值空間令人期待。」《地產詹哥老實說》EP178／無效房市政策！無殼年輕人的殘酷面　「租房看運氣、買房沒底氣」信義房屋更多相關新聞
27,2023-11-13 09:07,"晶圓代工龍頭台積電（2330）10元贏收2432.03億元創新高，台積電ADR在上周五（10日）收盤飆逾6%至每股97.44美元，折溢價率 13.2%，換算現股630.4元，今日台積電股價開盤也直衝580元，大漲23元，漲幅4.1％。台積電日前公布 2023年10月營收報告。台積電2023 年 10 月合併營收約為新台幣 2,432 億 300 萬元，較上月增加了34.8%，較去年同期增加了15.7%，並寫單月新高。台積電累計 2023 年 1 至 10 月營收約為新台幣 1 兆 7,794 億 1,000 萬元，較去年同期減少了 3.7%。台積電日前於法說會中指出，2023 年第三季財務報告及第四季財測，若以美元兌新台幣匯率32元計算，台積電估計第四季營收約在188億美元到196億美元之間，毛利率則介於51.5％到53.5％之間，營利率則介於39.5%至41.5％之間。在海外佈局部分，根據《日經亞洲》報導，日本政府將尋求額外增加2兆日圓 （約4262億台幣） 的預算，支持半導體發展，其中台積電（2330）日本熊本二廠有望獲得7700億日圓的補貼。
 "
28,2023-11-13 09:02,美股走揚，台積電（2330）挾10月營收利多今（13）日開高漲22元至580元，指數大漲276點衝過16900點。美股上周最後一個交易日收漲，道瓊工業指數終場上漲391.16點，或1.15%，收在34283.10點；標準普爾500指數上漲67.89點，或1.56%，收在4415.24點；以科技股為主的那斯達克指數上漲276.66點，或2.05%，收在13798.11點；費城半導體指數上漲139.401點，或4.04%，收在3591.738點。台積電受惠10月營收成長逾三成，創下歷史新高、ADR上周收盤漲6.35%、收97.44元。
29,2023-11-13 06:01,"針對晶圓龍頭台積電（2330）大廠公布10月營收2432億元，年增15.7%，PGIM保德信高成長基金經理人孫傳恕表示，該數據反映出晶圓龍頭大廠近期釋出智慧型手機與PC等終端需求已趨穩的趨勢，獲利下修已結束，預期兩大族群庫存回補需求將延續至明年第1季，有利於產業整體向上。另外，孫傳恕分析，AI server供應鏈的市場展望同步看升，特別是全球GPU需求持續成長，預料缺貨潮將延續至明年上半年，並未大幅受到美中禁令影響，NVIDIA業績暢旺有利於相關供應鏈股價表現，預料關鍵供應鏈廠商今年獲利有望繳出雙位數成長，且對於AI族群投資信心具有正面幫助。孫傳恕認為，看好2024年仍為科技族群勝過傳產的獲利成長，不妨聚焦2024年成長股及中長線科技趨勢受惠次產業作佈局，包括AI持股汰弱留強，同時亦可留意產業落底的IC設計族群及記憶體；傳產則以紡織、成衣、生技等。在台股表現方面，台股上周隨美股回檔，指數下跌62.98點，跌幅-0.38%，不過上週台股週線連二紅，週K線反彈175.02點，漲幅1.06%，平均日均量2524.82億元。上週三大法人由外資與投信連袂買超，外資回補148.59億元，投信連續第15週回補，上週買超54.08億元，只有自營商連續4週減碼16.99億美元，三大法人合計回補185.68億元。孫傳恕分析，台灣10月CPI年增率3.05%，為今年2月以來再見3字頭，也是近9個月以來新高，核心CPI年增2.49%，漲勢也略高於9月，其中主要是短期颱風造成蔬果價格大漲以及油價回升。上週央行總裁楊金龍面對立院質詢時對升息並沒有給出超出預期的言論，保持9月時通膨放緩的看法，對利率政策的論調也維持「緊縮政策將維持較長的時間」沒有改變。孫傳恕說明，11月以來，大盤從萬六關卡強勁反彈，累積月漲幅已4.3%，外資亦陸續回補，指數站上所有均線，惟短期上攻半年線後進入狹幅整理，須慎防短期調節賣壓；另一方面，近期日平均成交量維持2500億元左右，在量能沒有放大的情況之下，預估仍將持欲呈現震盪格局。然而，就技術面來看，下方仍有月季線支撐，且年線呈現上彎，對指數具支撐力道，搭配年底消費旺季、明年作夢行情和選舉行情啟動，整體盤勢仍偏多看待。本土法人群益投信則指出，台股10月在多重利空下仍企穩在年線之上，且近期隨著美國十年債殖利率回落，投資信心回升，盤面已呈現止穩。考量台股企業獲利將於2023年第4季重回年增，且股價已浮現投資價值，正提供低檔分批布局機會。盤點引發10月股市往下的3大因素，以巴衝突為演變成大規模區域對立，美債殖利率在財政部發債增幅低於預期後也回落，新的晶片管制也就是將原本規定的漏洞補起來，以事件的影響性來觀察，對市場的影響性正在遞減。群益投信認為，考量總體經濟仍健全發展，貨幣面緊縮將過下，預估指數仍將維持在多頭軌道。在技術指標方面，台股10月受三大利空衝擊，加權跟櫃買跌幅皆來到2%水準，加權並一度逼近年線，櫃買則在季線之下整理。群益投信指出，但隨著美國十年期公債殖利率回落，市場信心回復後，加權、櫃買均已經回到季線之上。在KD指標上，加權及櫃買的日KD隨近期強彈已來到80以上的過熱區間，周KD則由50往上交叉，推估消化短線過熱的指標後，可再繼續往上。
 "
30,2023-11-11 10:28,台積電（2330）10月營收暴衝至2432億元，創下單月新高，台積電ADR在周五（10日）收盤飆逾6%至每股97.44美元，折溢價率 13.2%，換算現股630.4元，市場討論下周一台積電開盤表現，法人指出，萬六底部確立，下周一「拉積盤」再現，但需留意連買7個交易日外資也會趁機獲利了結。受惠AI訂單需求強勁，台積電10月營收衝上2432億元，月增 34.8%，年增 15.7%，創下歷史新高，時隔9個月，單月營收重返2千億大關，數字公布後驚豔外界，引發網友討論。台積電10月營收佳績直接反應在美股周五表現，也帶動晶片股大漲，高通 漲 3.42%、輝達 上漲 2.95%、美光 上漲 2.43%、應用材料上漲 5.25%；AMD 上漲 4.49%；德儀 上漲 2.74%。台積電周五以557元平盤價作收，回顧今年上半年受惠大客戶輝達亮眼財報帶動，股價在6月12日盤中創下594元今年新高，但自此受到全球股市走跌、AI股拉回修正，股價在9月底創下516元波段低點，三個月時間跌掉13%。法人指出，台積電ADR周五飆漲後與現股溢價幅度明顯，下周一開盤補漲可期，但上漲動力為何，以及是否會開高走低，仍要看市場或外資動作而定。
31,2023-11-10 13:38,"晶圓代工龍頭台積電（2330）今(10)日公佈 2023年10月營收報告。台積電2023 年 10 月合併營收約為新台幣 2,432 億 300 萬元，較上月增加了34.8%，較去年同期增加了15.7%，並寫單月新高。台積電累計 2023 年 1 至 10 月營收約為新台幣 1 兆 7,794 億 1,000 萬元，較去年同期減少了 3.7%。台積電日前於法說會中指出，2023 年第三季財務報告及第四季財測，若以美元兌新台幣匯率32元計算，台積電估計第四季營收約在188億美元到196億美元之間，毛利率則介於51.5％到53.5％之間，營利率則介於39.5%至41.5％之間。在海外佈局部分，根據《日經亞洲》報導，日本政府將尋求額外增加2兆日圓 （約4262億台幣） 的預算，支持半導體發展，其中台積電（2330）日本熊本二廠有望獲得7700億日圓的補貼。"
32,2023-11-10 13:34,由於美國股市表現不佳，台股也受到拖累，今（10日）台股開低走低，終場小跌63點來到16682.67點，跌幅0.38％，成交量2302.37億元。至於今天蘋概三王的表現，台積電（2330）今以557元作收，保持平盤；大立光（3008）以2095元作收，下跌35元或是1.64％；鴻海（2317）則以97.2元作收，跌0.7000000000000028元或0.72％。此外，今天漲幅前5名個股為富世達、寒舍、新天地、志聖、南寶；跌幅前5名則為力達KY、達邁、聯德、合機、必應。
33,2023-11-09 15:31,李國鼎科技發展基金會今（9）日舉行第1屆李國鼎獎頒獎典禮，台積電（2330）創辦人張忠謀也獲獎並進行致詞，在致詞開始前，張淑芬也親自上台獻花，張忠謀更和張淑芬深深一吻展現伉儷情深，讓頒獎典禮瞬間被粉紅泡泡環繞，張忠謀致詞時，更以「三幕」時間軸來回憶和李國鼎相識的點點滴滴，最後也表示，沒有李國鼎，就沒有台積電，並再次感謝他。張忠謀首先表示，他以無比的榮幸以及謙卑的心情來接受第一屆的李國鼎獎，今天是紀念李國鼎的時候，他覺得他也要把自傳中關於與李國鼎相處的一段事講一講。張忠謀回憶，其實他跟李國鼎的關係是李國鼎在當科技政委時代，李國鼎是推動台灣經濟奇蹟的人，但那個時候還不認識他。張忠謀說，他跟李國鼎的關係有「三幕」可以講，第一幕是他還在德州儀器工作的時候，那時候很少到台灣來，就只是來看看台灣的設備，一兩年才來一次，1976年是應邀來台，李國鼎那時候剛剛做了心臟手術就來聽他的演講，那時候是要賣電子錶，因此他來講述公司的計畫，談論怎麼樣定價、估計市場大小、還要談論預計的獲利，而李國鼎先生聽完演講之後就來跟他握手，馬上跟他約吃飯。張忠謀也開玩笑說，這次是有預謀的，因為那時候德州儀器公司是很出色的，半導體是世界第一，國防的武器也很傑出，是很傑出的科技公司，李國鼎想建立與德州儀器的關係，他的演講給了機會，這就是第一幕張忠謀說，其實我不是主角，講到這裡，張忠謀突然笑著問台下來賓「是不是要講快一點」，引來全場大笑。張忠謀接著說，主角其實是李國鼎先生自己及當時德州儀器公司的董事長，他只能算是關鍵人物，他後來就請德州儀器董事長到台灣來，來了一個多禮拜，每餐都是宴會，每天董事長都有演講，整個紅地毯都拉出來，從那時候李國鼎也都會每年來參觀德州儀器，後來董事長來的次數多了，他下面的人會自動說「怎麼又來了」。張忠謀說，第二幕是1980年德州儀器董事長胰臟癌過世時，李國鼎有一個直覺，他認為董事長過世了，應該要把張忠謀招募來台灣，但這個直覺到底對不對，張忠謀指出，老實說不見得對，但可能「結論是對的」。張忠謀說，1981年，德儀董事長過世不到一年，那時候請他到台灣參觀，但他拒絕了，第二次邀請時，他來了台灣兩個禮拜參觀，寫了很多英文報告，因為這也要給上司看，那個報告對那時候台灣的工會不敢恭維，但張忠謀說，李國鼎那時主要的目的是要把他引到台灣來，那個報告只是一個表面、書面的東西，而他的建議，也一個沒有被採用。張忠謀回憶，那時候的行政院長孫運璿與李國鼎就要他來到台灣，給他offer，原則是收入和德州儀器差不多，但這句話是外行話，他講這句話的時候就解釋給他聽，因為他的主要收入不是薪水，而是股票選擇權，因此這是不可能的，那院長可能是不懂，也可能是裝不懂，也的確他們給的offer是與他原本的薪水相近了。張忠謀說，後來他回到達拉斯之後，其實那時候德州儀器已經在走下坡路，他就問德州儀器的主席說能否留職停薪去台灣做，不用給薪水，但他拒絕了，因此就只能馬上跟孫院長說「抱歉不能來了」，但李國鼎是很憤怒的回覆，兩人的關係因此中斷好幾年。張忠謀說，台積電怎麼把它做起來是他的主意，但推動、說服政府投資一半，這個都是李國鼎的功勞，老實說李國鼎在那時候，他的事業末期，其實也已經建立不少敵人、政敵，所以反對他任何事情的，也都不少人，但是他一直是從1985年到台積電成立都給予支持，的確是沒有他就沒有台積電。張忠謀最後說，李國鼎是一個非常熱心、愛國的人，也是非常清廉的人，因為到後來，大家擔心他的生活，主要是擔心他住的地方。李國鼎熱忱、愛國，而且好學，雖然他的物理訓練，到他60、70歲時，老早忘得一乾二淨，又要重新學起，但這很偉大。他要再次謝謝李國鼎，致敬李國鼎。
34,2023-11-09 15:27,台積電（2330）創辦人張忠謀獲頒李國鼎獎，除了總統蔡英文到場觀禮以外，科技圈大老闆也在場共襄盛舉，《ETtoday新聞雲》計算光是主桌上的賓客身價總和已超過新台幣2兆元，以NVIDIA創辦人黃仁勳挾「行走的兆元男」身價最高，廣達集團創辦人林百里在AI風潮下身價飆至3198.46億元，成為現場身價最高的台灣人，資產超車鴻海創辦人郭台銘的2131.23億元。以下是《ETtoday新聞雲》依據彭博億萬富翁指數、富比士雜誌、台股市場報價等多元資訊綜合排列，現場重要企業家賓客身價排行：NVIDIA創辦人黃仁勳身價402億美元（新台幣1.3兆元），主因是AI浪潮來臨，NVIDIA在相關領域深耕逾17年，且成為該領域龍頭，在「勝者全拿」的情況下，黃仁勳身價暴衝，獲得「行走的兆元男」外號。據彭博億萬富翁指數統計，廣達集團創林百里目前身價已來到99.2億美元（新台幣3198.46億元），而幫林百里倒水的富邦集團「大董」蔡明忠50.9億美元（新台幣1641.14億元）。鴻海創辦人郭台銘身價達66.1億美元（新台幣2131.23億元），由於郭的「表姊」也是張忠謀愛妻張淑芬，親臨現場也有向姊夫致意。台積電張忠謀因持有台積電12.5萬張，以今日557元收盤價估，身價約690億。綜合以上企業家資產估計，張忠謀獲獎典禮會後的聚會，主桌上企業家身價破2.28兆元。
35,2023-11-09 14:47,李國鼎科技發展基金會今（9）日舉行第1屆李國鼎獎頒獎典禮，台積電（2330）創辦人張忠謀也獲獎，NVIDIA創辦人黃仁勳也作為特別嘉賓上台致詞，黃仁勳除了回憶過去和張忠謀相識的點點滴滴外，更強調如果說李國鼎是台灣科技業教父的話，那張忠謀就是世界上每個產業的教父，更重申沒有張忠謀，就沒有現在的NVIDIA。黃仁勳回憶道，他認識張忠謀很久了，他們認識的時候，他那時候還是年輕人，但直到現在，每一次看到張忠謀都還是很緊張，大家就可以了解他年輕時跟張忠謀見面有多緊張。黃仁勳說，張忠謀是其中一個最有影響力的企業家和業界的標竿，也是他一個誠摯的好友，很開心可以到此恭賀張忠謀獲獎。黃仁勳指出，過去有學者說「未來電晶體是我們的未來」，但他認為台積電也是大家的未來，台積電為所有人製造晶片，且從來沒有一家公司有這麼大的影響力，黃仁勳更說，他看過非常多好公司，但沒有一家和台積電相同。黃仁勳說，台積電有三個奇蹟，第一就是台積電為上千家公司客制化晶片，而且沒有一家一樣；第二個奇蹟是台積電同時能夠大量，也能夠少量的客制晶片；第三則是台積電能在有限的技術發展內，以驚人的速度讓晶片進化。黃仁勳分享，台積電的超能力是「正直」，這也是張忠謀的人格特質，他回憶，第一次和張忠謀見面時，張忠謀主要不是講技術，而是講企業精神，而這就是台積電精神，這也讓「信任」成為台積電最重要的基石，讓大家相信台積電也能「jump through hoops（克服重重困難）」。黃仁勳先指出，「大象也能跳舞」，再開玩笑表示張忠謀也養了一隻可以jump through hoops，引來全場大笑。黃仁勳接著表示，NVIDIA創立在台積電的基礎上，沒有台積電就不可能成功，且台積電是張忠謀最偉大的大師之作，張忠謀一生的努力讓他的努力成果得以實現。黃仁勳更回憶，當他獲頒交通大學名譽博士的時候，張忠謀就在那祝賀他，他也很享受每次回到台灣時，可以去張忠謀家享用張淑芬的家常菜，就三個人一起靜靜享受用餐時光。黃仁勳說，今天他要恭喜張忠謀，也感謝張忠謀，張忠謀說「沒有李國鼎，就沒有台積電」，但他要說「沒有台積電就沒有NVIDIA，沒有台積電就沒有現在的科技」，如果說如果李國鼎是台灣科技業教父，那張忠謀就是每個產業的教父。
36,2023-11-09 14:04,"李國鼎科技發展基金會今（9）日舉行第1屆李國鼎獎頒獎典禮，台積電（2330）創辦人張忠謀也獲獎，在中磊榮譽董事長王伯元致詞時，突然介紹特別嘉賓到場，接著NVIDIA創辦人黃仁勳夫婦就驚喜現身。李國鼎科技發展基金會董事長王伯元表示，時逢李國鼎資政逝世二十二週年，撫今追昔，無盡缅懷。期在全球局勢洞見觀瞻的此刻，透過李國鼎獎的設立，傳揚李國鼎資政的時代精神，帶動台灣產業界以更高層次的合作大戰略，打造產業創新的出海口，不僅確保當前優勢，更持續推升台灣產業榮景，再造持續成長的契機。王伯元致詞最後，也介紹今日將會有重量級來賓到場，接著NVIDIA創辦人黃仁勳就以他的經典外型一身黑皮衣，和他的夫人一起進場，引來全場驚呼，黃仁勳入場後也來到主桌，台積電創辦人張忠謀夫人張淑芬也站起來招呼並和黃仁勳擁抱致意。據了解，這次主桌來賓可說是大咖雲集，包括中磊創辦人王伯元、總統蔡英文、蕭萬長、林佳龍、張忠謀、張淑芬、吳政忠、施振榮、蔡明忠、劉兆玄、林百里等人。
 "
37,2023-11-09 13:38,李國鼎科技發展基金會今（9）日舉行第1屆李國鼎獎頒獎典禮，台積電（2330）創辦人張忠謀也獲獎，並預計將進行致詞，總統蔡英文、台積電董事長劉德音、總裁魏哲家、財務長黃仁昭、鴻海創辦人郭台銘等人皆親自出席。台積電董事長劉德音一進場就被大批媒體圍住，面對媒體提問設廠進展等相關議題，僅回覆「1.4奈米會留在台灣」；而台積電總裁魏哲家則是一語不發全程保持微笑，對於媒體提問未多做回應。張忠謀則在夫人張淑芬陪伴下一起進入會場，面對大批媒體，也親切和大家打招呼，並表示今日心情很好，還貼心要大家小心不要推擠。緊接在張忠謀進場後，郭台銘也接著進場，面對大批媒體包圍詢問相關選情，郭台銘僅微笑並未多做回應，並未表態是否將參選到底。
38,2023-11-09 13:34,美股漲跌互見，台股平盤表現，今（9日）台股開高走高，終場小漲5點來到16745.65點，漲幅0.03％，成交量2451.55億元。至於今天蘋概三王的表現，台積電（2330）今以557元作收，漲1元或0.18％；大立光（3008）以2130元作收，持平或是0.00％；鴻海（2317）則以97.9元作收，漲0.9000000000000057元或0.93％。此外，今天漲幅前5名個股為富世達、麗臺、世芯KY、台通、匯僑設計；跌幅前5名則為矽統、聯德、洋華、地球、三商電。
39,2023-11-09 11:16,"台積電熊本廠將於2024年底量產，台積電今日也證實，日本官員及學者組成的參訪團於8月訪台，另根據《日經亞洲》報導，日本政府將尋求額外增加2兆日圓 （約4262億台幣） 的預算，支持半導體發展，其中台積電（2330）日本熊本二廠有望獲得7700億日圓的補貼、力積電（6770）可以獲得4600億日圓。日本政府希望能增加用以支持半導體產業2兆預算中，除約1900億日圓將用以開發超級電腦外。在支持廠商建廠中，半導體公司 Rapidus 和英特爾研究中心尋求約6500億日圓預算。台廠中除台積電外，力積電也在日前宣布在宮城設廠，目前台積電熊本廠已獲得一半建設成本的補貼，另二廠將尋求此筆2兆日圓中約 7,700 億日圓的補貼，而4600億日圓支持力積電建新廠。台積電熊本廠將於2024年底量產，台積電今日也證實，日本官員及學者組成的參訪團於8月訪台，並前往台積電中科晶圓15廠及新竹科學園區參觀，來了解台積電水管理、空氣汙染防制，及考察科學園區環境。"
